date	employee	worktype	salary	currency
02.07.2013	Сергей Иванов	Разработка логотипа	2371	RUR
17.02.2013	Сергей Иванов	Разработка логотипа	4142	RUR
22.08.2015	Сергей Иванов	Разработка логотипа	7574	RUR
15.10.2012	Сергей Иванов	Разработка логотипа	3524	RUR
07.11.2015	Сергей Иванов	Разработка логотипа	4816	RUR
14.09.2012	Сергей Иванов	Разработка логотипа	8075	RUR
24.03.2014	Сергей Иванов	Разработка логотипа	6484	RUR
17.12.2012	Сергей Иванов	Разработка логотипа	5954	RUR
30.07.2014	Сергей Иванов	Разработка логотипа	3904	RUR
03.06.2014	Сергей Иванов	Разработка логотипа	772	RUR
19.11.2012	Сергей Иванов	Разработка логотипа	3113	RUR
03.05.2012	Сергей Иванов	Разработка логотипа	4840	RUR
11.01.2013	Сергей Иванов	Разработка логотипа	1499	RUR
21.03.2015	Сергей Иванов	Разработка логотипа	3311	RUR
09.12.2012	Сергей Иванов	Разработка логотипа	552	RUR
24.08.2014	Сергей Иванов	Разработка логотипа	6282	RUR
18.09.2014	Сергей Иванов	Разработка логотипа	2113	RUR
11.03.2015	Сергей Иванов	Разработка логотипа	369	RUR
25.05.2014	Сергей Иванов	Разработка логотипа	8546	RUR
22.08.2014	Сергей Иванов	Разработка логотипа	2258	RUR
28.04.2013	Сергей Иванов	Разработка логотипа	7720	RUR
30.04.2013	Сергей Иванов	Разработка логотипа	878	RUR
20.08.2014	Сергей Иванов	Разработка логотипа	2780	RUR
04.03.2014	Сергей Иванов	Разработка логотипа	148	RUR
19.07.2015	Сергей Иванов	Разработка логотипа	6335	RUR
30.02.2012	Сергей Иванов	Разработка логотипа	8661	RUR
20.05.2015	Сергей Иванов	Разработка логотипа	8503	RUR
14.02.2015	Сергей Иванов	Разработка логотипа	9557	RUR
27.08.2013	Сергей Иванов	Разработка логотипа	460	RUR
04.09.2014	Сергей Иванов	Разработка логотипа	8362	RUR
07.08.2013	Сергей Иванов	Разработка логотипа	173	RUR
14.02.2014	Сергей Иванов	Разработка логотипа	5604	RUR
15.05.2013	Сергей Иванов	SEO	3398	RUR
29.06.2013	Сергей Иванов	SEO	4289	RUR
17.01.2013	Сергей Иванов	SEO	3657	RUR
03.01.2013	Сергей Иванов	SEO	1114	RUR
29.10.2013	Сергей Иванов	SEO	4759	RUR
16.08.2014	Сергей Иванов	SEO	826	RUR
02.07.2013	Сергей Иванов	SEO	8139	RUR
11.04.2014	Сергей Иванов	SEO	4728	RUR
23.10.2012	Сергей Иванов	SEO	5685	RUR
06.10.2014	Сергей Иванов	SEO	8117	RUR
21.04.2015	Сергей Иванов	SEO	8855	RUR
12.05.2015	Сергей Иванов	SEO	2680	RUR
01.08.2012	Сергей Иванов	SEO	904	RUR
21.08.2015	Сергей Иванов	SEO	2850	RUR
27.04.2013	Сергей Иванов	SEO	1543	RUR
21.11.2012	Сергей Иванов	SEO	2268	RUR
29.02.2014	Сергей Иванов	SEO	3397	RUR
14.02.2014	Сергей Иванов	SEO	811	RUR
29.02.2015	Сергей Иванов	SEO	9517	RUR
25.11.2013	Сергей Иванов	SEO	343	RUR
14.05.2015	Сергей Иванов	SEO	7660	RUR
13.10.2013	Сергей Иванов	SEO	329	RUR
05.08.2012	Сергей Иванов	SEO	608	RUR
03.09.2012	Сергей Иванов	SEO	6493	RUR
28.07.2013	Сергей Иванов	SEO	3736	RUR
12.09.2012	Сергей Иванов	SEO	9351	RUR
05.10.2014	Сергей Иванов	SEO	9994	RUR
12.04.2014	Сергей Иванов	SEO	1326	RUR
01.03.2013	Сергей Иванов	SEO	5452	RUR
01.09.2015	Сергей Иванов	SEO	815	RUR
29.06.2015	Сергей Иванов	SEO	7710	RUR
18.11.2013	Сергей Иванов	SEO	8599	RUR
20.05.2013	Сергей Иванов	SEO	4600	RUR
22.02.2012	Сергей Иванов	SEO	6215	RUR
16.12.2012	Сергей Иванов	SEO	822	RUR
09.01.2015	Сергей Иванов	SEO	8033	RUR
19.08.2014	Сергей Иванов	Написание песни	4142	RUR
03.04.2012	Сергей Иванов	Написание песни	9500	RUR
24.05.2013	Сергей Иванов	Написание песни	8491	RUR
15.01.2012	Сергей Иванов	Написание песни	6482	RUR
24.08.2014	Сергей Иванов	Написание песни	6222	RUR
14.09.2014	Сергей Иванов	Написание песни	3721	RUR
14.01.2012	Сергей Иванов	Написание песни	7550	RUR
22.11.2015	Сергей Иванов	Написание песни	608	RUR
05.06.2015	Сергей Иванов	Написание песни	6336	RUR
09.08.2015	Сергей Иванов	Написание песни	3778	RUR
29.12.2014	Сергей Иванов	Написание песни	3663	RUR
07.12.2012	Сергей Иванов	Написание песни	5859	RUR
09.09.2012	Сергей Иванов	Написание песни	5116	RUR
10.06.2014	Сергей Иванов	Написание песни	4307	RUR
30.04.2012	Сергей Иванов	Написание песни	2522	RUR
17.02.2013	Сергей Иванов	Написание песни	5617	RUR
13.02.2015	Сергей Иванов	Написание песни	8041	RUR
13.12.2015	Сергей Иванов	Написание песни	1927	RUR
07.03.2014	Сергей Иванов	Написание песни	127	RUR
07.09.2014	Сергей Иванов	Написание песни	9885	RUR
13.02.2014	Сергей Иванов	Написание песни	7115	RUR
15.12.2013	Сергей Иванов	Написание песни	8675	RUR
20.09.2015	Сергей Иванов	Написание песни	4214	RUR
14.05.2012	Сергей Иванов	Написание песни	5751	RUR
24.04.2015	Сергей Иванов	Написание песни	1824	RUR
30.11.2014	Сергей Иванов	Написание песни	7420	RUR
28.06.2012	Сергей Иванов	Написание песни	5422	RUR
05.11.2013	Сергей Иванов	Написание песни	7425	RUR
14.09.2014	Сергей Иванов	Написание песни	3536	RUR
16.07.2015	Сергей Иванов	Написание песни	4221	RUR
11.05.2012	Сергей Иванов	Написание песни	8811	RUR
13.05.2014	Сергей Иванов	Написание песни	6271	RUR
19.10.2012	Сергей Иванов	Написание песни	1861	RUR
05.06.2015	Сергей Иванов	Написание песни	9674	RUR
28.08.2015	Сергей Иванов	Написание песни	2935	RUR
16.04.2012	Сергей Иванов	Написание песни	5781	RUR
02.08.2014	Сергей Иванов	Написание песни	9229	RUR
29.07.2014	Сергей Иванов	Написание песни	9909	RUR
22.12.2012	Сергей Иванов	Разработка слогана	4203	RUR
11.11.2014	Сергей Иванов	Разработка слогана	5034	RUR
29.02.2012	Сергей Иванов	Разработка слогана	4969	RUR
20.09.2012	Сергей Иванов	Разработка слогана	5813	RUR
14.03.2012	Сергей Иванов	Разработка слогана	1548	RUR
22.09.2012	Сергей Иванов	Разработка слогана	400	RUR
25.04.2015	Сергей Иванов	Разработка слогана	5486	RUR
17.01.2012	Сергей Иванов	Разработка слогана	3862	RUR
22.08.2014	Сергей Иванов	Разработка слогана	5371	RUR
25.07.2015	Сергей Иванов	Разработка слогана	5325	RUR
11.10.2012	Сергей Иванов	Разработка слогана	6853	RUR
18.09.2012	Сергей Иванов	Разработка слогана	8556	RUR
01.09.2013	Сергей Иванов	Разработка слогана	2829	RUR
09.04.2014	Сергей Иванов	Разработка слогана	2472	RUR
08.10.2015	Сергей Иванов	Разработка слогана	5991	RUR
27.06.2013	Сергей Иванов	Разработка слогана	1709	RUR
23.05.2012	Сергей Иванов	Разработка слогана	3579	RUR
24.06.2014	Сергей Иванов	Разработка слогана	2538	RUR
01.09.2014	Сергей Иванов	Разработка слогана	5723	RUR
09.04.2012	Сергей Иванов	Разработка слогана	5322	RUR
10.05.2015	Сергей Иванов	Разработка слогана	2448	RUR
14.07.2014	Сергей Иванов	Разработка слогана	5745	RUR
05.07.2013	Сергей Иванов	Разработка слогана	2209	RUR
13.11.2012	Сергей Иванов	Разработка слогана	180	RUR
25.07.2014	Сергей Иванов	Разработка слогана	7479	RUR
12.12.2015	Сергей Иванов	Разработка слогана	1225	RUR
28.02.2015	Сергей Иванов	Разработка слогана	2373	RUR
28.11.2015	Сергей Иванов	Разработка слогана	3642	RUR
02.10.2014	Сергей Иванов	Разработка слогана	7823	RUR
27.12.2015	Сергей Иванов	Разработка слогана	3838	RUR
17.02.2012	Сергей Иванов	Разработка слогана	8321	RUR
26.08.2014	Сергей Иванов	Разработка слогана	841	RUR
26.12.2013	Сергей Иванов	Разработка слогана	2476	RUR
04.02.2012	Сергей Иванов	Разработка слогана	859	RUR
10.09.2014	Сергей Иванов	Разработка слогана	6544	RUR
15.08.2013	Сергей Иванов	Разработка слогана	2482	RUR
03.01.2012	Abdulla Rahim	Премия	9753	EUR
25.10.2014	Abdulla Rahim	Премия	4955	EUR
12.05.2015	Abdulla Rahim	Премия	9864	EUR
18.02.2014	Abdulla Rahim	Премия	239	EUR
11.04.2013	Abdulla Rahim	Премия	8166	EUR
28.04.2015	Abdulla Rahim	Премия	9828	EUR
26.02.2012	Abdulla Rahim	Премия	2388	EUR
27.12.2014	Abdulla Rahim	Премия	3873	EUR
24.02.2012	Abdulla Rahim	Премия	4256	EUR
08.12.2013	Abdulla Rahim	Премия	8969	EUR
09.03.2015	Abdulla Rahim	Премия	3110	EUR
10.04.2015	Abdulla Rahim	Премия	8668	EUR
11.01.2012	Abdulla Rahim	Премия	9768	EUR
07.07.2013	Abdulla Rahim	Премия	3299	EUR
03.05.2014	Abdulla Rahim	Премия	4514	EUR
22.09.2012	Abdulla Rahim	Премия	4998	EUR
26.06.2014	Abdulla Rahim	Премия	9554	EUR
02.11.2015	Abdulla Rahim	Премия	2171	EUR
24.05.2013	Abdulla Rahim	Премия	6666	EUR
27.02.2012	Abdulla Rahim	Премия	2660	EUR
24.11.2015	Abdulla Rahim	Премия	8995	EUR
04.02.2014	Abdulla Rahim	Премия	2797	EUR
03.12.2015	Abdulla Rahim	Премия	6156	EUR
25.06.2015	Abdulla Rahim	Премия	8694	EUR
02.02.2014	Abdulla Rahim	Премия	3843	EUR
28.06.2013	Abdulla Rahim	Премия	2300	EUR
19.01.2013	Abdulla Rahim	Премия	1473	EUR
02.09.2015	Abdulla Rahim	Премия	838	EUR
28.10.2014	Abdulla Rahim	Премия	7882	EUR
29.08.2015	Abdulla Rahim	Премия	6247	EUR
20.03.2014	Abdulla Rahim	Премия	6745	EUR
01.01.2013	Abdulla Rahim	Премия	4235	EUR
09.10.2014	Abdulla Rahim	Премия	3019	EUR
19.04.2012	Abdulla Rahim	Премия	2680	EUR
05.12.2014	Abdulla Rahim	Премия	4928	EUR
12.04.2014	Abdulla Rahim	Премия	5458	EUR
04.03.2015	Abdulla Rahim	Премия	5186	EUR
27.12.2014	Abdulla Rahim	Премия	7170	EUR
06.05.2012	Abdulla Rahim	Премия	3956	EUR
29.08.2012	Abdulla Rahim	Премия	7186	EUR
25.04.2013	Abdulla Rahim	Премия	4629	EUR
03.01.2014	Abdulla Rahim	Премия	9275	EUR
24.10.2015	Abdulla Rahim	Премия	1327	EUR
15.04.2015	Abdulla Rahim	Разработка логотипа	5484	EUR
28.12.2014	Abdulla Rahim	Разработка логотипа	129	EUR
19.08.2012	Abdulla Rahim	Разработка логотипа	7324	EUR
08.01.2015	Abdulla Rahim	Разработка логотипа	3719	EUR
27.06.2015	Abdulla Rahim	Разработка логотипа	7278	EUR
25.07.2015	Abdulla Rahim	Разработка логотипа	122	EUR
04.10.2013	Abdulla Rahim	Разработка логотипа	9397	EUR
10.07.2015	Abdulla Rahim	Разработка логотипа	7310	EUR
05.09.2015	Abdulla Rahim	Разработка логотипа	6007	EUR
15.07.2014	Abdulla Rahim	Разработка логотипа	8192	EUR
10.08.2013	Abdulla Rahim	Разработка логотипа	1796	EUR
26.01.2013	Abdulla Rahim	Разработка логотипа	1638	EUR
27.08.2014	Abdulla Rahim	Разработка логотипа	7682	EUR
03.08.2013	Abdulla Rahim	Разработка логотипа	5911	EUR
02.07.2014	Abdulla Rahim	Разработка логотипа	7908	EUR
21.05.2014	Abdulla Rahim	Разработка логотипа	320	EUR
24.04.2014	Abdulla Rahim	Разработка логотипа	8430	EUR
17.03.2012	Abdulla Rahim	Разработка логотипа	9890	EUR
28.08.2014	Abdulla Rahim	Разработка логотипа	4771	EUR
01.09.2013	Abdulla Rahim	Разработка логотипа	5653	EUR
27.03.2013	Abdulla Rahim	Разработка логотипа	3798	EUR
11.11.2012	Abdulla Rahim	Разработка логотипа	7251	EUR
08.04.2014	Abdulla Rahim	Разработка логотипа	3463	EUR
09.06.2014	Abdulla Rahim	Разработка логотипа	2699	EUR
04.11.2014	Abdulla Rahim	Разработка логотипа	5560	EUR
02.01.2014	Abdulla Rahim	Разработка логотипа	5347	EUR
24.11.2013	Abdulla Rahim	Разработка логотипа	2665	EUR
04.04.2015	Abdulla Rahim	Разработка логотипа	1532	EUR
09.09.2012	Abdulla Rahim	Разработка логотипа	2949	EUR
16.01.2013	Abdulla Rahim	Разработка логотипа	6870	EUR
04.04.2015	Abdulla Rahim	Разработка логотипа	956	EUR
27.08.2013	Abdulla Rahim	Разработка логотипа	5084	EUR
30.11.2013	Abdulla Rahim	Разработка логотипа	2564	EUR
14.01.2012	Abdulla Rahim	Разработка логотипа	3403	EUR
26.05.2013	Abdulla Rahim	Разработка логотипа	7781	EUR
21.03.2015	Abdulla Rahim	Разработка логотипа	4019	EUR
05.05.2015	Abdulla Rahim	Разработка логотипа	968	EUR
03.07.2012	Abdulla Rahim	Разработка логотипа	8930	EUR
07.11.2013	Abdulla Rahim	SEO	6041	EUR
15.08.2013	Abdulla Rahim	SEO	7538	EUR
21.02.2015	Abdulla Rahim	SEO	7545	EUR
15.12.2014	Abdulla Rahim	SEO	9647	EUR
29.04.2013	Abdulla Rahim	SEO	5376	EUR
26.01.2015	Abdulla Rahim	SEO	8594	EUR
01.03.2012	Abdulla Rahim	SEO	2832	EUR
14.09.2012	Abdulla Rahim	SEO	5792	EUR
18.07.2013	Abdulla Rahim	SEO	9326	EUR
07.07.2013	Abdulla Rahim	SEO	8652	EUR
24.04.2012	Abdulla Rahim	SEO	9700	EUR
28.12.2014	Abdulla Rahim	SEO	4420	EUR
01.07.2012	Abdulla Rahim	SEO	606	EUR
15.02.2015	Abdulla Rahim	SEO	2622	EUR
08.07.2015	Abdulla Rahim	SEO	5026	EUR
29.11.2014	Abdulla Rahim	SEO	7919	EUR
02.10.2013	Abdulla Rahim	SEO	2109	EUR
22.10.2015	Abdulla Rahim	SEO	8056	EUR
22.10.2014	Abdulla Rahim	SEO	5157	EUR
01.04.2014	Abdulla Rahim	SEO	9846	EUR
03.11.2014	Abdulla Rahim	SEO	9682	EUR
09.07.2014	Abdulla Rahim	SEO	4760	EUR
04.11.2012	Abdulla Rahim	SEO	774	EUR
26.12.2015	Abdulla Rahim	SEO	6223	EUR
18.02.2012	Abdulla Rahim	SEO	8150	EUR
29.04.2013	Abdulla Rahim	SEO	4818	EUR
07.03.2014	Abdulla Rahim	SEO	6286	EUR
21.02.2014	Abdulla Rahim	SEO	8929	EUR
16.11.2015	Abdulla Rahim	SEO	1335	EUR
29.01.2014	Abdulla Rahim	SEO	4526	EUR
24.07.2014	Abdulla Rahim	SEO	2985	EUR
21.10.2013	Abdulla Rahim	SEO	3776	EUR
13.11.2015	Abdulla Rahim	SEO	1937	EUR
21.10.2014	Abdulla Rahim	SEO	2730	EUR
19.04.2013	Abdulla Rahim	SEO	8153	EUR
13.05.2014	Abdulla Rahim	SEO	5230	EUR
12.03.2012	Abdulla Rahim	SEO	8416	EUR
09.04.2014	Abdulla Rahim	SEO	3964	EUR
16.05.2014	Abdulla Rahim	SEO	9339	EUR
11.07.2012	Abdulla Rahim	SEO	7550	EUR
02.01.2012	Abdulla Rahim	SEO	6447	EUR
09.03.2013	Abdulla Rahim	SEO	8567	EUR
29.12.2012	Abdulla Rahim	SEO	4964	EUR
01.03.2013	Abdulla Rahim	SEO	7431	EUR
30.03.2014	Abdulla Rahim	SEO	1745	EUR
27.09.2012	Abdulla Rahim	Написание песни	9841	EUR
16.01.2015	Abdulla Rahim	Написание песни	5539	EUR
06.10.2015	Abdulla Rahim	Написание песни	8184	EUR
15.09.2013	Abdulla Rahim	Написание песни	8073	EUR
16.01.2015	Abdulla Rahim	Написание песни	6822	EUR
18.12.2012	Abdulla Rahim	Написание песни	3194	EUR
25.07.2012	Abdulla Rahim	Написание песни	9785	EUR
18.11.2013	Abdulla Rahim	Написание песни	8107	EUR
07.10.2014	Abdulla Rahim	Написание песни	7029	EUR
10.01.2014	Abdulla Rahim	Написание песни	1934	EUR
26.02.2015	Abdulla Rahim	Написание песни	3415	EUR
22.06.2013	Abdulla Rahim	Написание песни	603	EUR
11.02.2015	Abdulla Rahim	Написание песни	6473	EUR
01.12.2015	Abdulla Rahim	Написание песни	4470	EUR
16.12.2013	Abdulla Rahim	Написание песни	6712	EUR
20.05.2012	Abdulla Rahim	Написание песни	4229	EUR
21.03.2013	Abdulla Rahim	Написание песни	3207	EUR
02.10.2013	Abdulla Rahim	Написание песни	2336	EUR
30.01.2015	Abdulla Rahim	Написание песни	1963	EUR
20.01.2012	Abdulla Rahim	Написание песни	1584	EUR
14.08.2013	Abdulla Rahim	Написание песни	8790	EUR
20.12.2012	Abdulla Rahim	Написание песни	7399	EUR
19.03.2012	Abdulla Rahim	Написание песни	9276	EUR
10.06.2012	Abdulla Rahim	Написание песни	2677	EUR
22.02.2012	Abdulla Rahim	Написание песни	1201	EUR
11.03.2013	Abdulla Rahim	Написание песни	654	EUR
30.06.2015	Abdulla Rahim	Написание песни	2933	EUR
09.05.2013	Abdulla Rahim	Написание песни	9403	EUR
10.03.2014	Abdulla Rahim	Написание песни	2988	EUR
16.06.2015	Abdulla Rahim	Написание песни	1536	EUR
26.04.2012	Abdulla Rahim	Написание песни	8860	EUR
19.04.2012	Abdulla Rahim	Написание песни	5232	EUR
24.05.2012	Abdulla Rahim	Написание песни	101	EUR
01.04.2012	Abdulla Rahim	Написание песни	3765	EUR
12.01.2012	Abdulla Rahim	Написание песни	4464	EUR
25.04.2013	Abdulla Rahim	Написание песни	215	EUR
22.03.2014	Abdulla Rahim	Написание песни	4483	EUR
22.05.2014	Abdulla Rahim	Разработка слогана	1352	EUR
16.06.2014	Abdulla Rahim	Разработка слогана	7070	EUR
05.12.2014	Abdulla Rahim	Разработка слогана	9891	EUR
18.01.2013	Abdulla Rahim	Разработка слогана	7323	EUR
06.01.2012	Abdulla Rahim	Разработка слогана	944	EUR
05.04.2014	Abdulla Rahim	Разработка слогана	1960	EUR
22.10.2012	Abdulla Rahim	Разработка слогана	9299	EUR
13.08.2013	Abdulla Rahim	Разработка слогана	9708	EUR
10.08.2014	Abdulla Rahim	Разработка слогана	7291	EUR
19.01.2014	Abdulla Rahim	Разработка слогана	1071	EUR
23.03.2015	Abdulla Rahim	Разработка слогана	1264	EUR
16.11.2012	Abdulla Rahim	Разработка слогана	3559	EUR
26.07.2015	Abdulla Rahim	Разработка слогана	5782	EUR
05.01.2015	Abdulla Rahim	Разработка слогана	1931	EUR
18.09.2013	Abdulla Rahim	Разработка слогана	7968	EUR
15.04.2012	Abdulla Rahim	Разработка слогана	7608	EUR
18.09.2012	Abdulla Rahim	Разработка слогана	9916	EUR
21.03.2015	Abdulla Rahim	Разработка слогана	3673	EUR
04.03.2014	Abdulla Rahim	Разработка слогана	5893	EUR
25.05.2014	Abdulla Rahim	Разработка слогана	7722	EUR
09.03.2015	Abdulla Rahim	Разработка слогана	3943	EUR
11.07.2015	Abdulla Rahim	Разработка слогана	2534	EUR
01.06.2015	Abdulla Rahim	Разработка слогана	3405	EUR
20.03.2015	Abdulla Rahim	Разработка слогана	5287	EUR
23.04.2012	Abdulla Rahim	Разработка слогана	3386	EUR
07.12.2014	Abdulla Rahim	Разработка слогана	3759	EUR
30.03.2014	Abdulla Rahim	Разработка слогана	366	EUR
04.10.2012	Abdulla Rahim	Разработка слогана	3767	EUR
16.02.2013	Abdulla Rahim	Разработка слогана	4336	EUR
19.04.2015	Abdulla Rahim	Разработка слогана	6472	EUR
02.11.2012	Abdulla Rahim	Разработка слогана	9138	EUR
05.06.2015	Abdulla Rahim	Разработка слогана	1085	EUR
01.11.2015	Abdulla Rahim	Разработка слогана	8581	EUR
20.11.2014	Abdulla Rahim	Разработка слогана	6938	EUR
12.02.2014	Abdulla Rahim	Разработка слогана	2013	EUR
24.03.2015	Abdulla Rahim	Разработка слогана	4692	EUR
21.08.2014	Abdulla Rahim	Разработка слогана	6410	EUR
01.07.2015	Abdulla Rahim	Разработка слогана	101	EUR
15.11.2015	Abdulla Rahim	Разработка слогана	8483	EUR
19.06.2013	Abdulla Rahim	Разработка слогана	9962	EUR
27.03.2012	George Arme	Разработка слогана	7603	USD
16.07.2012	George Arme	Разработка слогана	8624	USD
24.07.2012	George Arme	Разработка слогана	6941	USD
12.09.2013	George Arme	Разработка слогана	9515	USD
12.06.2013	George Arme	Разработка слогана	9963	USD
23.08.2015	George Arme	Разработка слогана	9145	USD
22.02.2013	George Arme	Разработка слогана	3260	USD
14.05.2015	George Arme	Разработка слогана	3098	USD
23.06.2014	George Arme	Разработка слогана	3827	USD
26.09.2012	George Arme	Разработка слогана	5263	USD
03.10.2013	George Arme	Разработка слогана	7411	USD
12.07.2015	George Arme	Разработка слогана	6095	USD
18.01.2015	George Arme	Разработка слогана	5618	USD
23.04.2013	George Arme	Разработка слогана	9326	USD
03.07.2015	George Arme	Разработка слогана	7187	USD
18.11.2012	George Arme	Разработка слогана	872	USD
05.06.2012	George Arme	Разработка слогана	3175	USD
22.02.2015	George Arme	Разработка слогана	3318	USD
25.03.2012	George Arme	Разработка слогана	7574	USD
02.03.2012	George Arme	Разработка слогана	9140	USD
21.11.2014	George Arme	Разработка слогана	7873	USD
14.01.2014	George Arme	Разработка слогана	2027	USD
17.06.2015	George Arme	Разработка слогана	9784	USD
27.11.2014	George Arme	Разработка слогана	4516	USD
13.08.2014	George Arme	Разработка слогана	4649	USD
19.08.2012	George Arme	Разработка слогана	2327	USD
13.12.2015	George Arme	Разработка слогана	4725	USD
22.01.2012	George Arme	Разработка слогана	4632	USD
21.04.2015	George Arme	Разработка слогана	3810	USD
06.02.2013	George Arme	Разработка слогана	3435	USD
05.12.2013	George Arme	Разработка слогана	8355	USD
03.12.2014	George Arme	Разработка слогана	1460	USD
05.11.2014	George Arme	Разработка слогана	699	USD
14.01.2015	George Arme	Разработка слогана	5791	USD
25.05.2014	George Arme	Разработка слогана	4037	USD
27.11.2012	George Arme	Разработка слогана	2441	USD
15.08.2012	Yan Nun	Маркетинг	6165	JPY
08.09.2013	Yan Nun	Маркетинг	6967	JPY
12.10.2012	Yan Nun	Маркетинг	5541	JPY
08.12.2013	Yan Nun	Маркетинг	119	JPY
03.10.2014	Yan Nun	Маркетинг	4432	JPY
04.04.2015	Yan Nun	Маркетинг	1150	JPY
11.04.2015	Yan Nun	Маркетинг	2522	JPY
18.09.2013	Yan Nun	Маркетинг	7313	JPY
08.11.2015	Yan Nun	Маркетинг	3180	JPY
14.10.2015	Yan Nun	Маркетинг	1869	JPY
18.11.2012	Yan Nun	Маркетинг	2379	JPY
18.02.2013	Yan Nun	Маркетинг	5883	JPY
17.05.2013	Yan Nun	Маркетинг	6872	JPY
10.02.2013	Yan Nun	Маркетинг	117	JPY
24.12.2014	Yan Nun	Маркетинг	9724	JPY
01.11.2012	Yan Nun	Маркетинг	6765	JPY
28.10.2015	Yan Nun	Маркетинг	3927	JPY
07.11.2012	Yan Nun	Маркетинг	7833	JPY
24.02.2013	Yan Nun	Маркетинг	171	JPY
29.06.2013	Yan Nun	Маркетинг	6930	JPY
11.05.2015	Yan Nun	Маркетинг	6206	JPY
09.11.2014	Yan Nun	Маркетинг	5894	JPY
10.05.2013	Yan Nun	Маркетинг	2811	JPY
19.06.2013	Yan Nun	Маркетинг	5791	JPY
11.01.2012	Yan Nun	Маркетинг	8526	JPY
15.03.2012	Yan Nun	Маркетинг	1403	JPY
11.12.2015	Yan Nun	Маркетинг	2632	JPY
13.10.2014	Yan Nun	Маркетинг	164	JPY
24.05.2015	Yan Nun	Маркетинг	2912	JPY
04.08.2014	Yan Nun	Маркетинг	1881	JPY
09.03.2013	Yan Nun	Маркетинг	7138	JPY
10.11.2013	Yan Nun	Маркетинг	8088	JPY
18.12.2014	Yan Nun	Премия	9717	JPY
01.10.2013	Yan Nun	Премия	3140	JPY
01.09.2015	Yan Nun	Премия	2469	JPY
13.11.2014	Yan Nun	Премия	7549	JPY
13.12.2015	Yan Nun	Премия	4787	JPY
13.05.2014	Yan Nun	Премия	5419	JPY
11.04.2014	Yan Nun	Премия	2440	JPY
01.07.2015	Yan Nun	Премия	9327	JPY
16.11.2012	Yan Nun	Премия	2684	JPY
01.11.2015	Yan Nun	Премия	2589	JPY
18.01.2012	Yan Nun	Премия	5571	JPY
26.04.2014	Yan Nun	Премия	943	JPY
03.09.2012	Yan Nun	Премия	5835	JPY
16.07.2013	Yan Nun	Премия	3314	JPY
10.07.2013	Yan Nun	Премия	8798	JPY
20.09.2013	Yan Nun	Премия	4823	JPY
30.08.2013	Yan Nun	Премия	8354	JPY
14.07.2013	Yan Nun	Премия	3178	JPY
10.07.2013	Yan Nun	Премия	3622	JPY
19.08.2013	Yan Nun	Премия	8306	JPY
17.03.2012	Yan Nun	Премия	3936	JPY
24.11.2013	Yan Nun	Премия	581	JPY
29.04.2014	Yan Nun	Премия	7243	JPY
20.03.2012	Yan Nun	Премия	5915	JPY
01.11.2012	Yan Nun	Премия	5676	JPY
27.11.2012	Yan Nun	Премия	7601	JPY
27.10.2015	Yan Nun	Премия	4127	JPY
02.10.2015	Yan Nun	Премия	7442	JPY
05.06.2013	Yan Nun	Премия	3185	JPY
12.06.2013	Yan Nun	Премия	9139	JPY
28.11.2012	Yan Nun	Разработка логотипа	7090	JPY
30.07.2012	Yan Nun	Разработка логотипа	8181	JPY
06.08.2015	Yan Nun	Разработка логотипа	2701	JPY
27.01.2012	Yan Nun	Разработка логотипа	8848	JPY
01.05.2013	Yan Nun	Разработка логотипа	5664	JPY
30.12.2013	Yan Nun	Разработка логотипа	2227	JPY
28.05.2015	Yan Nun	Разработка логотипа	7824	JPY
20.11.2012	Yan Nun	Разработка логотипа	450	JPY
09.11.2015	Yan Nun	Разработка логотипа	1216	JPY
07.04.2012	Yan Nun	Разработка логотипа	210	JPY
16.04.2012	Yan Nun	Разработка логотипа	1333	JPY
25.06.2012	Yan Nun	Разработка логотипа	616	JPY
30.11.2015	Yan Nun	Разработка логотипа	7643	JPY
16.10.2012	Yan Nun	Разработка логотипа	7118	JPY
22.08.2012	Yan Nun	Разработка логотипа	4804	JPY
01.08.2015	Yan Nun	Разработка логотипа	946	JPY
27.03.2012	Yan Nun	Разработка логотипа	6579	JPY
22.09.2014	Yan Nun	Разработка логотипа	5253	JPY
22.05.2013	Yan Nun	Разработка логотипа	3794	JPY
28.06.2013	Yan Nun	Разработка логотипа	9274	JPY
24.02.2015	Yan Nun	Разработка логотипа	4900	JPY
06.05.2014	Yan Nun	Разработка логотипа	5537	JPY
19.09.2015	Yan Nun	Разработка логотипа	6805	JPY
03.05.2015	Yan Nun	Разработка логотипа	6733	JPY
08.01.2015	Yan Nun	Разработка логотипа	5841	JPY
26.12.2013	Yan Nun	Разработка логотипа	3216	JPY
01.01.2015	Yan Nun	Разработка логотипа	7873	JPY
28.04.2014	Yan Nun	Разработка логотипа	7953	JPY
18.08.2013	Yan Nun	Разработка логотипа	146	JPY
20.12.2015	Yan Nun	Разработка логотипа	197	JPY
20.11.2014	Yan Nun	Разработка логотипа	8080	JPY
14.03.2012	Yan Nun	Разработка логотипа	9274	JPY
18.12.2013	Yan Nun	Разработка логотипа	3650	JPY
02.12.2012	Yan Nun	Разработка логотипа	764	JPY
11.06.2015	Yan Nun	Разработка логотипа	4868	JPY
12.05.2014	Yan Nun	Разработка логотипа	2804	JPY
10.10.2015	Yan Nun	Разработка логотипа	6589	JPY
25.09.2015	Yan Nun	Разработка логотипа	2184	JPY
18.07.2013	Yan Nun	Разработка логотипа	9137	JPY
27.01.2013	Yan Nun	Разработка логотипа	3333	JPY
30.07.2012	Yan Nun	SEO	7216	JPY
12.02.2014	Yan Nun	SEO	8795	JPY
26.09.2013	Yan Nun	SEO	609	JPY
05.10.2014	Yan Nun	SEO	8166	JPY
01.05.2013	Yan Nun	SEO	3864	JPY
05.06.2013	Yan Nun	SEO	6366	JPY
04.11.2015	Yan Nun	SEO	7693	JPY
22.05.2012	Yan Nun	SEO	5345	JPY
29.12.2012	Yan Nun	SEO	911	JPY
23.09.2013	Yan Nun	SEO	4110	JPY
27.11.2012	Yan Nun	SEO	2160	JPY
21.07.2012	Yan Nun	SEO	3154	JPY
01.02.2012	Yan Nun	SEO	3794	JPY
08.07.2014	Yan Nun	SEO	3241	JPY
29.07.2013	Yan Nun	SEO	4362	JPY
10.09.2015	Yan Nun	SEO	6998	JPY
30.11.2015	Yan Nun	SEO	7052	JPY
19.11.2012	Yan Nun	SEO	9171	JPY
08.02.2015	Yan Nun	SEO	7789	JPY
02.05.2012	Yan Nun	SEO	3593	JPY
08.11.2012	Yan Nun	SEO	529	JPY
29.12.2015	Yan Nun	SEO	2480	JPY
18.01.2012	Yan Nun	SEO	500	JPY
19.04.2014	Yan Nun	SEO	2850	JPY
11.01.2015	Yan Nun	SEO	584	JPY
06.03.2015	Yan Nun	SEO	9333	JPY
11.01.2015	Yan Nun	SEO	1690	JPY
02.01.2014	Yan Nun	SEO	5937	JPY
12.08.2014	Yan Nun	SEO	2953	JPY
29.12.2012	Yan Nun	SEO	7888	JPY
09.07.2012	Yan Nun	SEO	5015	JPY
24.05.2012	Yan Nun	SEO	2864	JPY
10.03.2013	Yan Nun	SEO	6775	JPY
13.04.2013	Yan Nun	SEO	4333	JPY
17.02.2014	Yan Nun	SEO	1082	JPY
12.04.2012	Yan Nun	SEO	2128	JPY
27.08.2013	Yan Nun	Написание песни	8503	JPY
02.03.2015	Yan Nun	Написание песни	2596	JPY
27.06.2013	Yan Nun	Написание песни	446	JPY
06.05.2013	Yan Nun	Написание песни	6979	JPY
24.11.2015	Yan Nun	Написание песни	9876	JPY
20.03.2012	Yan Nun	Написание песни	2227	JPY
28.07.2013	Yan Nun	Написание песни	1864	JPY
20.02.2012	Yan Nun	Написание песни	2115	JPY
25.07.2012	Yan Nun	Написание песни	869	JPY
29.05.2014	Yan Nun	Написание песни	7706	JPY
27.08.2012	Yan Nun	Написание песни	9273	JPY
27.12.2012	Yan Nun	Написание песни	8270	JPY
22.02.2012	Yan Nun	Написание песни	952	JPY
14.03.2012	Yan Nun	Написание песни	7853	JPY
01.12.2015	Yan Nun	Написание песни	6803	JPY
13.04.2014	Yan Nun	Написание песни	5508	JPY
21.09.2013	Yan Nun	Написание песни	3322	JPY
18.06.2013	Yan Nun	Написание песни	2381	JPY
13.05.2014	Yan Nun	Написание песни	4424	JPY
23.07.2014	Yan Nun	Написание песни	1647	JPY
11.01.2012	Yan Nun	Написание песни	2078	JPY
29.10.2013	Yan Nun	Написание песни	8002	JPY
02.03.2015	Yan Nun	Написание песни	6961	JPY
02.01.2014	Yan Nun	Написание песни	2674	JPY
21.12.2013	Yan Nun	Написание песни	7859	JPY
30.06.2012	Yan Nun	Написание песни	9041	JPY
20.02.2013	Yan Nun	Написание песни	6791	JPY
04.01.2013	Yan Nun	Написание песни	2944	JPY
04.04.2013	Yan Nun	Написание песни	5276	JPY
01.03.2014	Yan Nun	Написание песни	7321	JPY
14.02.2013	Yan Nun	Написание песни	9486	JPY
12.02.2015	Yan Nun	Написание песни	8568	JPY
21.02.2012	Yan Nun	Разработка слогана	8729	JPY
15.12.2012	Yan Nun	Разработка слогана	3107	JPY
28.08.2015	Yan Nun	Разработка слогана	4858	JPY
18.09.2014	Yan Nun	Разработка слогана	3339	JPY
19.06.2015	Yan Nun	Разработка слогана	7963	JPY
20.11.2013	Yan Nun	Разработка слогана	3573	JPY
01.07.2014	Yan Nun	Разработка слогана	3780	JPY
11.05.2013	Yan Nun	Разработка слогана	9237	JPY
09.11.2012	Yan Nun	Разработка слогана	990	JPY
02.09.2015	Yan Nun	Разработка слогана	4142	JPY
13.04.2012	Yan Nun	Разработка слогана	8578	JPY
29.05.2014	Yan Nun	Разработка слогана	3949	JPY
08.01.2015	Yan Nun	Разработка слогана	9102	JPY
26.05.2014	Yan Nun	Разработка слогана	370	JPY
05.03.2014	Yan Nun	Разработка слогана	8098	JPY
30.08.2013	Yan Nun	Разработка слогана	5616	JPY
10.10.2015	Yan Nun	Разработка слогана	4284	JPY
30.02.2013	Yan Nun	Разработка слогана	3203	JPY
19.03.2014	Yan Nun	Разработка слогана	9480	JPY
14.08.2012	Yan Nun	Разработка слогана	9049	JPY
26.06.2014	Yan Nun	Разработка слогана	8339	JPY
27.04.2012	Yan Nun	Разработка слогана	1103	JPY
21.02.2015	Yan Nun	Разработка слогана	2580	JPY
20.08.2013	Yan Nun	Разработка слогана	3217	JPY
04.01.2012	Yan Nun	Разработка слогана	8143	JPY
18.11.2012	Yan Nun	Разработка слогана	6570	JPY
07.05.2012	Yan Nun	Разработка слогана	665	JPY
16.03.2013	Yan Nun	Разработка слогана	3525	JPY
12.04.2013	Yan Nun	Разработка слогана	852	JPY
05.05.2015	Yan Nun	Разработка слогана	5557	JPY
22.09.2012	Yan Nun	Разработка слогана	1903	JPY
14.05.2014	Yan Nun	Разработка слогана	2666	JPY
17.06.2013	Timoti Morr	Перевод	5842	CHF
08.02.2014	Timoti Morr	Перевод	126	CHF
18.05.2014	Timoti Morr	Перевод	763	CHF
25.03.2015	Timoti Morr	Перевод	6767	CHF
14.05.2014	Timoti Morr	Перевод	1383	CHF
11.07.2015	Timoti Morr	Перевод	9157	CHF
07.04.2015	Timoti Morr	Перевод	3574	CHF
30.01.2012	Timoti Morr	Перевод	3667	CHF
14.11.2013	Timoti Morr	Перевод	548	CHF
06.01.2014	Timoti Morr	Перевод	5436	CHF
03.02.2013	Timoti Morr	Перевод	9149	CHF
25.10.2012	Timoti Morr	Перевод	5039	CHF
01.04.2014	Timoti Morr	Перевод	8216	CHF
23.12.2015	Timoti Morr	Перевод	8884	CHF
06.05.2015	Timoti Morr	Перевод	2641	CHF
13.12.2012	Timoti Morr	Перевод	3206	CHF
19.10.2012	Timoti Morr	Перевод	1867	CHF
14.05.2015	Timoti Morr	Перевод	6684	CHF
05.04.2012	Timoti Morr	Перевод	1603	CHF
01.01.2015	Timoti Morr	Перевод	5582	CHF
10.05.2013	Timoti Morr	Перевод	5123	CHF
18.08.2014	Timoti Morr	Перевод	1422	CHF
22.03.2012	Timoti Morr	Перевод	7319	CHF
23.08.2013	Timoti Morr	Перевод	8643	CHF
16.01.2014	Timoti Morr	Перевод	7409	CHF
07.07.2014	Timoti Morr	Перевод	6152	CHF
15.12.2012	Timoti Morr	Перевод	4637	CHF
03.03.2012	Timoti Morr	Перевод	6832	CHF
17.10.2012	Timoti Morr	Перевод	7869	CHF
04.03.2015	Timoti Morr	Перевод	7056	CHF
02.04.2013	Timoti Morr	Перевод	8727	CHF
14.08.2013	Timoti Morr	Программирование	844	CHF
05.01.2014	Timoti Morr	Программирование	593	CHF
16.03.2013	Timoti Morr	Программирование	9335	CHF
03.09.2014	Timoti Morr	Программирование	3776	CHF
11.07.2012	Timoti Morr	Программирование	7289	CHF
21.01.2014	Timoti Morr	Программирование	5747	CHF
19.01.2015	Timoti Morr	Программирование	3540	CHF
04.12.2013	Timoti Morr	Программирование	4909	CHF
07.09.2014	Timoti Morr	Программирование	982	CHF
12.09.2014	Timoti Morr	Программирование	8147	CHF
19.11.2014	Timoti Morr	Программирование	9682	CHF
18.09.2012	Timoti Morr	Программирование	9164	CHF
09.10.2014	Timoti Morr	Программирование	2534	CHF
04.07.2013	Timoti Morr	Программирование	5007	CHF
24.01.2012	Timoti Morr	Программирование	3190	CHF
25.01.2013	Timoti Morr	Программирование	8548	CHF
22.06.2015	Timoti Morr	Программирование	4815	CHF
04.09.2013	Timoti Morr	Программирование	8452	CHF
14.06.2013	Timoti Morr	Программирование	6276	CHF
09.01.2014	Timoti Morr	Программирование	7337	CHF
17.10.2013	Timoti Morr	Программирование	1278	CHF
06.07.2014	Timoti Morr	Программирование	5184	CHF
28.05.2012	Timoti Morr	Программирование	7705	CHF
17.01.2013	Timoti Morr	Программирование	4836	CHF
11.10.2012	Timoti Morr	Программирование	6364	CHF
14.04.2012	Timoti Morr	Программирование	3331	CHF
25.08.2015	Timoti Morr	Программирование	5180	CHF
11.03.2015	Timoti Morr	Программирование	1638	CHF
04.03.2015	Timoti Morr	Программирование	7073	CHF
01.01.2015	Timoti Morr	Программирование	5227	CHF
12.09.2015	Timoti Morr	Программирование	2491	CHF
18.04.2015	Timoti Morr	Программирование	2979	CHF
09.04.2014	Timoti Morr	Программирование	3924	CHF
30.05.2012	Timoti Morr	Программирование	4071	CHF
22.03.2014	Timoti Morr	Программирование	7977	CHF
29.10.2014	Timoti Morr	Программирование	7331	CHF
30.08.2014	Timoti Morr	Программирование	8863	CHF
05.09.2013	Timoti Morr	Программирование	8972	CHF
02.04.2013	Timoti Morr	Маркетинг	8557	CHF
30.03.2012	Timoti Morr	Маркетинг	5080	CHF
13.09.2014	Timoti Morr	Маркетинг	4898	CHF
17.03.2012	Timoti Morr	Маркетинг	8571	CHF
15.06.2012	Timoti Morr	Маркетинг	9443	CHF
16.08.2015	Timoti Morr	Маркетинг	6845	CHF
28.02.2013	Timoti Morr	Маркетинг	3674	CHF
07.06.2015	Timoti Morr	Маркетинг	9422	CHF
20.08.2015	Timoti Morr	Маркетинг	3235	CHF
11.06.2012	Timoti Morr	Маркетинг	8000	CHF
24.11.2015	Timoti Morr	Маркетинг	3400	CHF
14.02.2012	Timoti Morr	Маркетинг	6688	CHF
29.12.2012	Timoti Morr	Маркетинг	632	CHF
24.01.2015	Timoti Morr	Маркетинг	1623	CHF
18.01.2015	Timoti Morr	Маркетинг	4261	CHF
25.09.2014	Timoti Morr	Маркетинг	491	CHF
10.11.2012	Timoti Morr	Маркетинг	8946	CHF
11.01.2012	Timoti Morr	Маркетинг	5877	CHF
21.09.2012	Timoti Morr	Маркетинг	1053	CHF
23.01.2012	Timoti Morr	Маркетинг	8013	CHF
08.07.2014	Timoti Morr	Маркетинг	2894	CHF
20.12.2014	Timoti Morr	Маркетинг	4432	CHF
28.07.2012	Timoti Morr	Маркетинг	4424	CHF
15.07.2012	Timoti Morr	Маркетинг	4878	CHF
26.08.2012	Timoti Morr	Маркетинг	8520	CHF
24.11.2014	Timoti Morr	Маркетинг	3932	CHF
07.02.2015	Timoti Morr	Маркетинг	2407	CHF
11.11.2012	Timoti Morr	Маркетинг	8445	CHF
26.12.2013	Timoti Morr	Маркетинг	2722	CHF
29.05.2013	Timoti Morr	Маркетинг	7629	CHF
16.12.2012	Timoti Morr	Маркетинг	9525	CHF
20.07.2012	Timoti Morr	Маркетинг	234	CHF
02.12.2013	Timoti Morr	Маркетинг	5166	CHF
03.09.2013	Timoti Morr	Маркетинг	7850	CHF
16.02.2013	Timoti Morr	Маркетинг	2299	CHF
25.07.2015	Timoti Morr	Маркетинг	8551	CHF
07.12.2014	Timoti Morr	Маркетинг	2095	CHF
15.06.2015	Timoti Morr	Маркетинг	6411	CHF
14.12.2013	Timoti Morr	Маркетинг	4953	CHF
05.12.2014	Timoti Morr	Маркетинг	7540	CHF
26.02.2014	Timoti Morr	Маркетинг	2159	CHF
02.11.2012	Timoti Morr	Премия	9621	CHF
10.11.2015	Timoti Morr	Премия	9532	CHF
09.05.2013	Timoti Morr	Премия	9613	CHF
09.11.2014	Timoti Morr	Премия	2223	CHF
15.02.2015	Timoti Morr	Премия	7149	CHF
21.11.2012	Timoti Morr	Премия	4113	CHF
02.07.2015	Timoti Morr	Премия	217	CHF
12.10.2012	Timoti Morr	Премия	5125	CHF
04.10.2012	Timoti Morr	Премия	4968	CHF
21.03.2015	Timoti Morr	Премия	2549	CHF
18.03.2012	Timoti Morr	Премия	5308	CHF
23.09.2013	Timoti Morr	Премия	1178	CHF
20.01.2015	Timoti Morr	Премия	199	CHF
26.03.2012	Timoti Morr	Премия	5094	CHF
16.09.2014	Timoti Morr	Премия	6614	CHF
13.08.2013	Timoti Morr	Премия	164	CHF
03.01.2015	Timoti Morr	Премия	4194	CHF
09.10.2015	Timoti Morr	Премия	7534	CHF
30.09.2013	Timoti Morr	Премия	667	CHF
28.03.2012	Timoti Morr	Премия	9008	CHF
12.06.2014	Timoti Morr	Премия	1366	CHF
22.06.2014	Timoti Morr	Премия	9973	CHF
15.11.2014	Timoti Morr	Премия	6538	CHF
03.08.2012	Timoti Morr	Премия	3460	CHF
03.10.2012	Timoti Morr	Премия	262	CHF
30.01.2015	Timoti Morr	Премия	7239	CHF
13.04.2014	Timoti Morr	Премия	600	CHF
27.08.2014	Timoti Morr	Премия	2660	CHF
15.11.2013	Timoti Morr	Премия	8415	CHF
04.11.2014	Timoti Morr	Премия	8135	CHF
30.10.2014	Timoti Morr	Премия	6209	CHF
28.06.2015	Timoti Morr	Премия	7873	CHF
15.06.2015	Timoti Morr	Премия	3513	CHF
05.11.2015	Timoti Morr	Премия	8250	CHF
08.12.2012	Timoti Morr	Разработка логотипа	226	CHF
19.11.2015	Timoti Morr	Разработка логотипа	7802	CHF
04.08.2012	Timoti Morr	Разработка логотипа	7407	CHF
12.03.2015	Timoti Morr	Разработка логотипа	7115	CHF
25.02.2013	Timoti Morr	Разработка логотипа	6518	CHF
24.07.2014	Timoti Morr	Разработка логотипа	5543	CHF
20.09.2014	Timoti Morr	Разработка логотипа	8007	CHF
20.10.2012	Timoti Morr	Разработка логотипа	7310	CHF
05.11.2015	Timoti Morr	Разработка логотипа	9048	CHF
23.10.2014	Timoti Morr	Разработка логотипа	119	CHF
21.04.2012	Timoti Morr	Разработка логотипа	8838	CHF
15.08.2013	Timoti Morr	Разработка логотипа	1578	CHF
27.09.2012	Timoti Morr	Разработка логотипа	8143	CHF
09.12.2014	Timoti Morr	Разработка логотипа	2660	CHF
16.01.2015	Timoti Morr	Разработка логотипа	9698	CHF
24.07.2012	Timoti Morr	Разработка логотипа	8632	CHF
27.12.2013	Timoti Morr	Разработка логотипа	9996	CHF
14.05.2015	Timoti Morr	Разработка логотипа	3345	CHF
07.06.2014	Timoti Morr	Разработка логотипа	4818	CHF
08.02.2014	Timoti Morr	Разработка логотипа	9947	CHF
12.10.2015	Timoti Morr	Разработка логотипа	4268	CHF
11.07.2013	Timoti Morr	Разработка логотипа	1094	CHF
10.05.2015	Timoti Morr	Разработка логотипа	8359	CHF
23.09.2012	Timoti Morr	Разработка логотипа	5972	CHF
15.03.2013	Timoti Morr	Разработка логотипа	4811	CHF
23.03.2015	Timoti Morr	Разработка логотипа	354	CHF
01.12.2012	Timoti Morr	Разработка логотипа	5060	CHF
27.10.2015	Timoti Morr	Разработка логотипа	1534	CHF
11.02.2013	Timoti Morr	Разработка логотипа	5975	CHF
19.10.2014	Timoti Morr	Разработка логотипа	5070	CHF
16.10.2014	Timoti Morr	Разработка логотипа	1054	CHF
14.11.2012	Timoti Morr	Разработка логотипа	9552	CHF
26.01.2014	Timoti Morr	Разработка логотипа	6362	CHF
12.05.2012	Timoti Morr	Разработка логотипа	773	CHF
20.04.2013	Timoti Morr	Разработка логотипа	6741	CHF
21.05.2014	Timoti Morr	Разработка логотипа	1841	CHF
21.10.2012	Timoti Morr	Разработка логотипа	5552	CHF
23.09.2015	Timoti Morr	Разработка логотипа	3655	CHF
24.12.2014	Timoti Morr	Разработка логотипа	5196	CHF
02.09.2013	Timoti Morr	Разработка логотипа	7359	CHF
04.01.2014	Timoti Morr	Разработка логотипа	2551	CHF
05.10.2012	Timoti Morr	Разработка логотипа	7077	CHF
24.09.2012	Timoti Morr	Разработка логотипа	7492	CHF
13.01.2014	Timoti Morr	SEO	367	CHF
15.01.2012	Timoti Morr	SEO	6140	CHF
21.04.2015	Timoti Morr	SEO	5618	CHF
06.08.2013	Timoti Morr	SEO	5239	CHF
16.05.2012	Timoti Morr	SEO	9327	CHF
04.08.2014	Timoti Morr	SEO	3290	CHF
29.12.2015	Timoti Morr	SEO	2074	CHF
01.04.2014	Timoti Morr	SEO	1728	CHF
07.12.2014	Timoti Morr	SEO	3513	CHF
06.08.2013	Timoti Morr	SEO	5160	CHF
15.09.2014	Timoti Morr	SEO	476	CHF
10.08.2015	Timoti Morr	SEO	9365	CHF
28.09.2013	Timoti Morr	SEO	2148	CHF
07.11.2015	Timoti Morr	SEO	9766	CHF
02.08.2012	Timoti Morr	SEO	3413	CHF
19.08.2014	Timoti Morr	SEO	7522	CHF
27.04.2014	Timoti Morr	SEO	2274	CHF
28.01.2014	Timoti Morr	SEO	8952	CHF
21.02.2015	Timoti Morr	SEO	7937	CHF
08.09.2014	Timoti Morr	SEO	8084	CHF
11.12.2013	Timoti Morr	SEO	3248	CHF
28.11.2013	Timoti Morr	SEO	9579	CHF
28.09.2012	Timoti Morr	SEO	9599	CHF
29.07.2012	Timoti Morr	SEO	1805	CHF
18.01.2015	Timoti Morr	SEO	6167	CHF
17.03.2015	Timoti Morr	SEO	1747	CHF
29.06.2013	Timoti Morr	SEO	6372	CHF
20.12.2012	Timoti Morr	SEO	1021	CHF
20.02.2013	Timoti Morr	SEO	2485	CHF
20.06.2014	Timoti Morr	SEO	5219	CHF
21.06.2012	Timoti Morr	SEO	6385	CHF
03.04.2014	Timoti Morr	Написание песни	7324	CHF
07.03.2013	Timoti Morr	Написание песни	9967	CHF
19.12.2013	Timoti Morr	Написание песни	5121	CHF
17.08.2015	Timoti Morr	Написание песни	1778	CHF
13.08.2012	Timoti Morr	Написание песни	6436	CHF
01.02.2013	Timoti Morr	Написание песни	1246	CHF
13.09.2014	Timoti Morr	Написание песни	6170	CHF
18.12.2014	Timoti Morr	Написание песни	9207	CHF
29.05.2014	Timoti Morr	Написание песни	1583	CHF
16.01.2015	Timoti Morr	Написание песни	4405	CHF
28.07.2013	Timoti Morr	Написание песни	6995	CHF
09.03.2012	Timoti Morr	Написание песни	2199	CHF
30.09.2013	Timoti Morr	Написание песни	8358	CHF
10.07.2013	Timoti Morr	Написание песни	9695	CHF
24.07.2013	Timoti Morr	Написание песни	2600	CHF
22.02.2014	Timoti Morr	Написание песни	1372	CHF
04.05.2015	Timoti Morr	Написание песни	8835	CHF
09.02.2013	Timoti Morr	Написание песни	6019	CHF
02.01.2014	Timoti Morr	Написание песни	5508	CHF
12.12.2013	Timoti Morr	Написание песни	7224	CHF
13.01.2015	Timoti Morr	Написание песни	6252	CHF
12.03.2012	Timoti Morr	Написание песни	7914	CHF
24.10.2015	Timoti Morr	Написание песни	854	CHF
23.05.2015	Timoti Morr	Написание песни	1759	CHF
01.09.2012	Timoti Morr	Написание песни	995	CHF
07.06.2015	Timoti Morr	Написание песни	2614	CHF
07.02.2012	Timoti Morr	Написание песни	5174	CHF
29.07.2013	Timoti Morr	Написание песни	8926	CHF
04.11.2013	Timoti Morr	Написание песни	1263	CHF
10.01.2015	Timoti Morr	Написание песни	5306	CHF
28.07.2013	Timoti Morr	Написание песни	3263	CHF
05.03.2012	Timoti Morr	Написание песни	4226	CHF
16.07.2013	Timoti Morr	Написание песни	5768	CHF
07.08.2012	Timoti Morr	Разработка слогана	9583	CHF
03.10.2014	Timoti Morr	Разработка слогана	6593	CHF
02.08.2015	Timoti Morr	Разработка слогана	4082	CHF
23.12.2013	Timoti Morr	Разработка слогана	6815	CHF
24.11.2015	Timoti Morr	Разработка слогана	3702	CHF
26.11.2012	Timoti Morr	Разработка слогана	7162	CHF
17.10.2012	Timoti Morr	Разработка слогана	2931	CHF
17.10.2014	Timoti Morr	Разработка слогана	6083	CHF
05.06.2013	Timoti Morr	Разработка слогана	3357	CHF
26.09.2015	Timoti Morr	Разработка слогана	7203	CHF
07.08.2014	Timoti Morr	Разработка слогана	2991	CHF
28.06.2014	Timoti Morr	Разработка слогана	3822	CHF
28.06.2015	Timoti Morr	Разработка слогана	4013	CHF
18.11.2014	Timoti Morr	Разработка слогана	2161	CHF
30.06.2012	Timoti Morr	Разработка слогана	1972	CHF
16.02.2015	Timoti Morr	Разработка слогана	7351	CHF
17.03.2015	Timoti Morr	Разработка слогана	1098	CHF
29.08.2014	Timoti Morr	Разработка слогана	4970	CHF
15.05.2012	Timoti Morr	Разработка слогана	406	CHF
20.09.2012	Timoti Morr	Разработка слогана	7880	CHF
12.11.2012	Timoti Morr	Разработка слогана	1511	CHF
06.01.2012	Timoti Morr	Разработка слогана	7100	CHF
30.07.2012	Timoti Morr	Разработка слогана	6106	CHF
10.03.2014	Timoti Morr	Разработка слогана	4728	CHF
01.07.2013	Timoti Morr	Разработка слогана	8050	CHF
09.01.2015	Timoti Morr	Разработка слогана	4061	CHF
20.07.2012	Timoti Morr	Разработка слогана	5929	CHF
22.10.2014	Timoti Morr	Разработка слогана	8511	CHF
03.11.2013	Timoti Morr	Разработка слогана	4458	CHF
21.12.2015	Timoti Morr	Разработка слогана	781	CHF
30.05.2013	Timoti Morr	Разработка слогана	3892	CHF
07.02.2014	Timoti Morr	Разработка слогана	8914	CHF
03.02.2012	Timoti Morr	Разработка слогана	6724	CHF
15.05.2015	Timoti Morr	Разработка слогана	5037	CHF
03.12.2015	Timoti Morr	Разработка слогана	572	CHF
11.10.2014	Timoti Morr	Разработка слогана	3210	CHF
09.09.2015	Timoti Morr	Разработка слогана	7530	CHF
07.09.2012	Олег Коновалов	Премия	7447	RUR
12.11.2013	Олег Коновалов	Премия	128	RUR
04.06.2014	Олег Коновалов	Премия	9084	RUR
15.01.2012	Олег Коновалов	Премия	4800	RUR
29.10.2013	Олег Коновалов	Премия	1732	RUR
10.06.2014	Олег Коновалов	Премия	6848	RUR
18.11.2014	Олег Коновалов	Премия	9095	RUR
14.03.2013	Олег Коновалов	Премия	7119	RUR
22.06.2012	Олег Коновалов	Премия	2113	RUR
11.04.2012	Олег Коновалов	Премия	6541	RUR
18.12.2015	Олег Коновалов	Премия	9001	RUR
17.07.2012	Олег Коновалов	Премия	4959	RUR
03.02.2013	Олег Коновалов	Премия	552	RUR
10.05.2014	Олег Коновалов	Премия	1790	RUR
16.04.2014	Олег Коновалов	Премия	2591	RUR
23.05.2015	Олег Коновалов	Премия	1991	RUR
01.02.2013	Олег Коновалов	Премия	785	RUR
18.03.2012	Олег Коновалов	Премия	6625	RUR
27.02.2015	Олег Коновалов	Премия	8512	RUR
16.07.2015	Олег Коновалов	Премия	2733	RUR
30.10.2014	Олег Коновалов	Премия	1061	RUR
15.12.2013	Олег Коновалов	Премия	1866	RUR
09.09.2014	Олег Коновалов	Премия	5353	RUR
30.08.2013	Олег Коновалов	Премия	9165	RUR
13.09.2014	Олег Коновалов	Премия	5750	RUR
03.07.2014	Олег Коновалов	Премия	923	RUR
19.09.2015	Олег Коновалов	Премия	8076	RUR
22.03.2014	Олег Коновалов	Премия	1395	RUR
03.08.2015	Олег Коновалов	Премия	1489	RUR
25.06.2015	Олег Коновалов	Премия	8075	RUR
03.06.2012	Олег Коновалов	Премия	5546	RUR
22.08.2012	Олег Коновалов	Разработка логотипа	2067	RUR
30.11.2014	Олег Коновалов	Разработка логотипа	3432	RUR
11.07.2014	Олег Коновалов	Разработка логотипа	7884	RUR
04.06.2012	Олег Коновалов	Разработка логотипа	3553	RUR
14.11.2015	Олег Коновалов	Разработка логотипа	7495	RUR
10.03.2014	Олег Коновалов	Разработка логотипа	1604	RUR
27.04.2015	Олег Коновалов	Разработка логотипа	6497	RUR
11.03.2013	Олег Коновалов	Разработка логотипа	2816	RUR
03.12.2015	Олег Коновалов	Разработка логотипа	3482	RUR
05.07.2012	Олег Коновалов	Разработка логотипа	2164	RUR
23.02.2015	Олег Коновалов	Разработка логотипа	2617	RUR
05.11.2015	Олег Коновалов	Разработка логотипа	2965	RUR
09.03.2013	Олег Коновалов	Разработка логотипа	3374	RUR
02.08.2014	Олег Коновалов	Разработка логотипа	905	RUR
25.01.2014	Олег Коновалов	Разработка логотипа	6638	RUR
29.10.2014	Олег Коновалов	Разработка логотипа	6954	RUR
04.06.2015	Олег Коновалов	Разработка логотипа	5928	RUR
18.07.2012	Олег Коновалов	Разработка логотипа	1641	RUR
03.08.2014	Олег Коновалов	Разработка логотипа	8783	RUR
17.08.2015	Олег Коновалов	Разработка логотипа	9969	RUR
23.07.2013	Олег Коновалов	Разработка логотипа	2480	RUR
30.10.2012	Олег Коновалов	Разработка логотипа	1357	RUR
29.12.2015	Олег Коновалов	Разработка логотипа	915	RUR
04.02.2014	Олег Коновалов	Разработка логотипа	2851	RUR
26.11.2015	Олег Коновалов	Разработка логотипа	598	RUR
12.12.2015	Олег Коновалов	Разработка логотипа	3171	RUR
17.09.2012	Олег Коновалов	Разработка логотипа	8424	RUR
23.01.2015	Олег Коновалов	Разработка логотипа	7638	RUR
04.09.2012	Олег Коновалов	Разработка логотипа	1696	RUR
28.11.2014	Олег Коновалов	Разработка логотипа	8225	RUR
01.10.2012	Олег Коновалов	Разработка логотипа	240	RUR
26.10.2015	Олег Коновалов	Разработка логотипа	1431	RUR
25.03.2015	Олег Коновалов	Разработка логотипа	3993	RUR
17.01.2012	Олег Коновалов	SEO	9310	RUR
10.08.2015	Олег Коновалов	SEO	9288	RUR
11.10.2012	Олег Коновалов	SEO	8364	RUR
28.08.2014	Олег Коновалов	SEO	5412	RUR
10.04.2014	Олег Коновалов	SEO	7972	RUR
08.01.2012	Олег Коновалов	SEO	5598	RUR
04.09.2012	Олег Коновалов	SEO	6191	RUR
10.05.2013	Олег Коновалов	SEO	6467	RUR
03.08.2015	Олег Коновалов	SEO	1266	RUR
04.08.2015	Олег Коновалов	SEO	8851	RUR
16.07.2014	Олег Коновалов	SEO	9268	RUR
11.02.2015	Олег Коновалов	SEO	1883	RUR
12.03.2013	Олег Коновалов	SEO	5259	RUR
08.11.2012	Олег Коновалов	SEO	3338	RUR
05.02.2014	Олег Коновалов	SEO	6370	RUR
26.08.2014	Олег Коновалов	SEO	7602	RUR
02.05.2012	Олег Коновалов	SEO	5271	RUR
12.06.2013	Олег Коновалов	SEO	7316	RUR
27.02.2012	Олег Коновалов	SEO	3916	RUR
15.05.2014	Олег Коновалов	SEO	9654	RUR
25.07.2015	Олег Коновалов	SEO	1295	RUR
23.10.2012	Олег Коновалов	SEO	8696	RUR
27.11.2013	Олег Коновалов	SEO	3138	RUR
26.09.2012	Олег Коновалов	SEO	5387	RUR
17.07.2013	Олег Коновалов	SEO	3609	RUR
11.01.2012	Олег Коновалов	SEO	6982	RUR
17.09.2012	Олег Коновалов	SEO	9011	RUR
17.12.2014	Олег Коновалов	SEO	4754	RUR
21.09.2012	Олег Коновалов	SEO	9358	RUR
22.02.2012	Олег Коновалов	SEO	9517	RUR
06.06.2012	Олег Коновалов	SEO	7029	RUR
27.11.2012	Олег Коновалов	SEO	4684	RUR
09.07.2015	Олег Коновалов	SEO	4819	RUR
12.03.2012	Олег Коновалов	SEO	6176	RUR
12.09.2012	Олег Коновалов	SEO	8425	RUR
22.12.2013	Олег Коновалов	SEO	1654	RUR
10.04.2013	Олег Коновалов	SEO	5196	RUR
30.11.2014	Олег Коновалов	Написание песни	1048	RUR
24.08.2015	Олег Коновалов	Написание песни	3841	RUR
14.07.2015	Олег Коновалов	Написание песни	4585	RUR
19.02.2014	Олег Коновалов	Написание песни	4534	RUR
14.05.2012	Олег Коновалов	Написание песни	1935	RUR
18.06.2015	Олег Коновалов	Написание песни	3011	RUR
13.12.2014	Олег Коновалов	Написание песни	6877	RUR
20.08.2015	Олег Коновалов	Написание песни	6898	RUR
16.07.2014	Олег Коновалов	Написание песни	1976	RUR
04.10.2014	Олег Коновалов	Написание песни	3489	RUR
19.05.2015	Олег Коновалов	Написание песни	2998	RUR
02.01.2015	Олег Коновалов	Написание песни	4850	RUR
09.03.2014	Олег Коновалов	Написание песни	9550	RUR
14.11.2013	Олег Коновалов	Написание песни	9768	RUR
03.09.2013	Олег Коновалов	Написание песни	9402	RUR
22.09.2012	Олег Коновалов	Написание песни	1741	RUR
12.01.2015	Олег Коновалов	Написание песни	5789	RUR
12.06.2015	Олег Коновалов	Написание песни	9979	RUR
04.07.2014	Олег Коновалов	Написание песни	467	RUR
11.05.2015	Олег Коновалов	Написание песни	4473	RUR
02.11.2015	Олег Коновалов	Написание песни	9982	RUR
15.01.2015	Олег Коновалов	Написание песни	6631	RUR
08.08.2013	Олег Коновалов	Написание песни	8922	RUR
20.11.2014	Олег Коновалов	Написание песни	9203	RUR
12.08.2014	Олег Коновалов	Написание песни	7258	RUR
02.09.2015	Олег Коновалов	Написание песни	2567	RUR
01.03.2013	Олег Коновалов	Написание песни	4360	RUR
07.05.2015	Олег Коновалов	Написание песни	2902	RUR
20.10.2013	Олег Коновалов	Написание песни	6832	RUR
16.03.2015	Олег Коновалов	Написание песни	4920	RUR
25.02.2013	Олег Коновалов	Написание песни	7366	RUR
16.08.2014	Олег Коновалов	Написание песни	5634	RUR
02.12.2014	Олег Коновалов	Написание песни	6920	RUR
23.06.2012	Олег Коновалов	Написание песни	4296	RUR
17.11.2015	Олег Коновалов	Написание песни	4625	RUR
24.04.2012	Олег Коновалов	Написание песни	7474	RUR
26.02.2015	Олег Коновалов	Написание песни	7179	RUR
14.03.2014	Олег Коновалов	Написание песни	1995	RUR
22.11.2013	Олег Коновалов	Написание песни	3535	RUR
02.07.2012	Олег Коновалов	Написание песни	8528	RUR
26.08.2015	Олег Коновалов	Написание песни	3997	RUR
05.05.2014	Олег Коновалов	Разработка слогана	3771	RUR
02.06.2012	Олег Коновалов	Разработка слогана	7864	RUR
23.01.2014	Олег Коновалов	Разработка слогана	9143	RUR
16.10.2012	Олег Коновалов	Разработка слогана	4070	RUR
12.12.2014	Олег Коновалов	Разработка слогана	4557	RUR
23.02.2012	Олег Коновалов	Разработка слогана	6230	RUR
19.03.2012	Олег Коновалов	Разработка слогана	3157	RUR
03.05.2015	Олег Коновалов	Разработка слогана	8610	RUR
06.07.2013	Олег Коновалов	Разработка слогана	1280	RUR
09.03.2015	Олег Коновалов	Разработка слогана	4620	RUR
16.01.2014	Олег Коновалов	Разработка слогана	176	RUR
19.03.2013	Олег Коновалов	Разработка слогана	2136	RUR
03.05.2015	Олег Коновалов	Разработка слогана	4537	RUR
02.04.2014	Олег Коновалов	Разработка слогана	7980	RUR
21.03.2012	Олег Коновалов	Разработка слогана	3778	RUR
14.04.2012	Олег Коновалов	Разработка слогана	4742	RUR
26.02.2012	Олег Коновалов	Разработка слогана	5681	RUR
10.01.2013	Олег Коновалов	Разработка слогана	9512	RUR
18.10.2012	Олег Коновалов	Разработка слогана	2825	RUR
15.12.2012	Олег Коновалов	Разработка слогана	2839	RUR
29.06.2014	Олег Коновалов	Разработка слогана	3028	RUR
06.06.2013	Олег Коновалов	Разработка слогана	7203	RUR
02.10.2015	Олег Коновалов	Разработка слогана	7915	RUR
10.02.2012	Олег Коновалов	Разработка слогана	4637	RUR
26.08.2014	Олег Коновалов	Разработка слогана	1217	RUR
28.05.2012	Олег Коновалов	Разработка слогана	5689	RUR
04.02.2014	Олег Коновалов	Разработка слогана	6472	RUR
29.11.2015	Олег Коновалов	Разработка слогана	1423	RUR
12.02.2015	Олег Коновалов	Разработка слогана	9458	RUR
01.01.2014	Олег Коновалов	Разработка слогана	314	RUR
06.07.2012	Олег Коновалов	Разработка слогана	9459	RUR
01.01.2012	Олег Коновалов	Разработка слогана	9843	RUR
23.09.2014	Олег Коновалов	Разработка слогана	7565	RUR
07.09.2012	Олег Коновалов	Разработка слогана	1685	RUR
29.01.2015	Олег Коновалов	Разработка слогана	1988	RUR
28.10.2012	Сергей Шульга	Написание песни	6283	UAH
26.10.2013	Сергей Шульга	Написание песни	1559	UAH
26.03.2015	Сергей Шульга	Написание песни	4783	UAH
18.03.2014	Сергей Шульга	Написание песни	8489	UAH
19.01.2013	Сергей Шульга	Написание песни	1419	UAH
02.01.2014	Сергей Шульга	Написание песни	6782	UAH
21.10.2015	Сергей Шульга	Написание песни	8550	UAH
06.04.2014	Сергей Шульга	Написание песни	4648	UAH
20.05.2012	Сергей Шульга	Написание песни	9317	UAH
02.06.2013	Сергей Шульга	Написание песни	490	UAH
12.04.2013	Сергей Шульга	Написание песни	932	UAH
16.09.2012	Сергей Шульга	Написание песни	3167	UAH
06.04.2013	Сергей Шульга	Написание песни	1155	UAH
14.09.2014	Сергей Шульга	Написание песни	7615	UAH
16.10.2015	Сергей Шульга	Написание песни	5534	UAH
07.01.2013	Сергей Шульга	Написание песни	3731	UAH
12.11.2014	Сергей Шульга	Написание песни	9030	UAH
21.02.2015	Сергей Шульга	Написание песни	3736	UAH
22.10.2012	Сергей Шульга	Написание песни	3020	UAH
18.11.2015	Сергей Шульга	Написание песни	2694	UAH
14.03.2015	Сергей Шульга	Написание песни	2870	UAH
22.08.2012	Сергей Шульга	Написание песни	4361	UAH
25.12.2015	Сергей Шульга	Написание песни	1703	UAH
01.01.2015	Сергей Шульга	Написание песни	4435	UAH
05.07.2013	Сергей Шульга	Написание песни	1893	UAH
22.01.2012	Сергей Шульга	Написание песни	6230	UAH
14.05.2013	Сергей Шульга	Написание песни	7943	UAH
09.01.2012	Сергей Шульга	Написание песни	8859	UAH
12.09.2012	Сергей Шульга	Написание песни	748	UAH
25.10.2013	Сергей Шульга	Написание песни	2815	UAH
25.09.2012	Сергей Шульга	Написание песни	3498	UAH
28.05.2014	Сергей Шульга	Написание песни	3611	UAH
12.09.2012	Сергей Шульга	Написание песни	6412	UAH
15.10.2012	Сергей Шульга	Написание песни	3180	UAH
11.07.2015	Сергей Шульга	Написание песни	3219	UAH
14.07.2012	Сергей Шульга	Написание песни	145	UAH
18.03.2014	Сергей Шульга	Написание песни	5083	UAH
28.02.2014	Сергей Шульга	Написание песни	4509	UAH
06.08.2015	Сергей Шульга	Написание песни	2832	UAH
06.01.2013	Сергей Шульга	Разработка слогана	6304	UAH
03.03.2012	Сергей Шульга	Разработка слогана	4083	UAH
08.12.2013	Сергей Шульга	Разработка слогана	2819	UAH
13.06.2015	Сергей Шульга	Разработка слогана	4518	UAH
29.08.2015	Сергей Шульга	Разработка слогана	3915	UAH
09.01.2015	Сергей Шульга	Разработка слогана	1295	UAH
12.06.2015	Сергей Шульга	Разработка слогана	1508	UAH
08.03.2012	Сергей Шульга	Разработка слогана	2442	UAH
19.07.2012	Сергей Шульга	Разработка слогана	2979	UAH
08.03.2013	Сергей Шульга	Разработка слогана	8695	UAH
09.10.2013	Сергей Шульга	Разработка слогана	2368	UAH
07.01.2013	Сергей Шульга	Разработка слогана	6665	UAH
19.08.2014	Сергей Шульга	Разработка слогана	9264	UAH
01.01.2014	Сергей Шульга	Разработка слогана	9395	UAH
25.12.2014	Сергей Шульга	Разработка слогана	2599	UAH
16.09.2014	Сергей Шульга	Разработка слогана	8524	UAH
12.02.2012	Сергей Шульга	Разработка слогана	4704	UAH
14.11.2014	Сергей Шульга	Разработка слогана	7919	UAH
05.04.2014	Сергей Шульга	Разработка слогана	2737	UAH
10.12.2015	Сергей Шульга	Разработка слогана	9246	UAH
27.07.2014	Сергей Шульга	Разработка слогана	4360	UAH
16.01.2012	Сергей Шульга	Разработка слогана	6762	UAH
01.11.2012	Сергей Шульга	Разработка слогана	4542	UAH
05.01.2013	Сергей Шульга	Разработка слогана	8190	UAH
04.06.2014	Сергей Шульга	Разработка слогана	8016	UAH
21.09.2013	Сергей Шульга	Разработка слогана	7055	UAH
07.04.2014	Сергей Шульга	Разработка слогана	4689	UAH
24.08.2012	Сергей Шульга	Разработка слогана	5371	UAH
05.08.2014	Сергей Шульга	Разработка слогана	6593	UAH
03.01.2013	Сергей Шульга	Разработка слогана	6594	UAH
10.04.2015	Сергей Шульга	Разработка слогана	173	UAH
26.05.2012	Сергей Шульга	Разработка слогана	7030	UAH
23.09.2013	Алксей Нон	Премия	1797	RUR
07.12.2013	Алксей Нон	Премия	6696	RUR
08.10.2015	Алксей Нон	Премия	8953	RUR
30.12.2013	Алксей Нон	Премия	1385	RUR
26.06.2013	Алксей Нон	Премия	4203	RUR
05.03.2012	Алксей Нон	Премия	3421	RUR
12.10.2013	Алксей Нон	Премия	1809	RUR
27.07.2012	Алксей Нон	Премия	3244	RUR
02.02.2013	Алксей Нон	Премия	7142	RUR
01.12.2013	Алксей Нон	Премия	3373	RUR
17.08.2015	Алксей Нон	Премия	7105	RUR
09.12.2012	Алксей Нон	Премия	1669	RUR
02.08.2012	Алксей Нон	Премия	4104	RUR
10.06.2015	Алксей Нон	Премия	8343	RUR
29.04.2014	Алксей Нон	Премия	5482	RUR
30.11.2012	Алксей Нон	Премия	389	RUR
26.11.2012	Алксей Нон	Премия	6770	RUR
17.09.2015	Алксей Нон	Премия	1923	RUR
13.03.2015	Алксей Нон	Премия	8669	RUR
03.10.2012	Алксей Нон	Премия	4967	RUR
29.01.2015	Алксей Нон	Премия	8721	RUR
14.11.2015	Алксей Нон	Премия	9617	RUR
25.01.2014	Алксей Нон	Премия	5312	RUR
14.06.2013	Алксей Нон	Премия	9393	RUR
24.10.2013	Алксей Нон	Премия	7038	RUR
14.11.2013	Алксей Нон	Премия	4943	RUR
12.05.2012	Алксей Нон	Премия	847	RUR
05.01.2015	Алксей Нон	Премия	3743	RUR
03.01.2012	Алксей Нон	Премия	8669	RUR
30.04.2015	Алксей Нон	Премия	2786	RUR
29.07.2014	Алксей Нон	Премия	3993	RUR
05.10.2014	Алксей Нон	Премия	669	RUR
21.03.2014	Алксей Нон	Премия	9007	RUR
09.10.2015	Алксей Нон	Премия	964	RUR
07.02.2013	Алксей Нон	Премия	3773	RUR
24.04.2012	Алксей Нон	Разработка логотипа	4838	RUR
14.01.2013	Алксей Нон	Разработка логотипа	7758	RUR
13.07.2012	Алксей Нон	Разработка логотипа	1079	RUR
16.04.2015	Алксей Нон	Разработка логотипа	8232	RUR
25.08.2013	Алксей Нон	Разработка логотипа	5453	RUR
03.09.2012	Алксей Нон	Разработка логотипа	4859	RUR
30.09.2015	Алксей Нон	Разработка логотипа	6615	RUR
06.01.2013	Алксей Нон	Разработка логотипа	9099	RUR
12.12.2013	Алксей Нон	Разработка логотипа	8639	RUR
10.10.2012	Алксей Нон	Разработка логотипа	7369	RUR
08.03.2015	Алксей Нон	Разработка логотипа	6773	RUR
13.10.2012	Алксей Нон	Разработка логотипа	1743	RUR
29.01.2012	Алксей Нон	Разработка логотипа	1270	RUR
23.08.2012	Алксей Нон	Разработка логотипа	3156	RUR
14.10.2014	Алксей Нон	Разработка логотипа	9222	RUR
13.02.2013	Алксей Нон	Разработка логотипа	8198	RUR
02.09.2012	Алксей Нон	Разработка логотипа	2793	RUR
04.05.2015	Алксей Нон	Разработка логотипа	2185	RUR
18.05.2013	Алксей Нон	Разработка логотипа	3535	RUR
02.06.2013	Алксей Нон	Разработка логотипа	9985	RUR
17.07.2014	Алксей Нон	Разработка логотипа	9787	RUR
19.06.2012	Алксей Нон	Разработка логотипа	5893	RUR
29.08.2013	Алксей Нон	Разработка логотипа	5457	RUR
08.04.2013	Алксей Нон	Разработка логотипа	4432	RUR
27.10.2015	Алксей Нон	Разработка логотипа	3475	RUR
20.08.2013	Алксей Нон	Разработка логотипа	3910	RUR
05.12.2013	Алксей Нон	Разработка логотипа	9623	RUR
12.02.2014	Алксей Нон	Разработка логотипа	2269	RUR
10.09.2014	Алксей Нон	Разработка логотипа	6231	RUR
18.12.2012	Алксей Нон	Разработка логотипа	4469	RUR
06.03.2012	Алксей Нон	Разработка логотипа	9952	RUR
05.05.2013	Алксей Нон	Разработка логотипа	306	RUR
20.06.2015	Алксей Нон	Разработка логотипа	9123	RUR
17.07.2014	Алксей Нон	Разработка логотипа	9111	RUR
14.07.2013	Алксей Нон	Разработка логотипа	5815	RUR
08.02.2015	Алксей Нон	SEO	2261	RUR
21.06.2013	Алксей Нон	SEO	3672	RUR
05.09.2012	Алксей Нон	SEO	808	RUR
02.07.2015	Алксей Нон	SEO	8232	RUR
14.05.2014	Алксей Нон	SEO	5177	RUR
17.01.2014	Алксей Нон	SEO	2896	RUR
12.01.2012	Алксей Нон	SEO	4746	RUR
22.11.2015	Алксей Нон	SEO	5417	RUR
27.08.2014	Алксей Нон	SEO	8446	RUR
06.10.2013	Алксей Нон	SEO	3818	RUR
28.12.2012	Алксей Нон	SEO	5424	RUR
18.03.2012	Алксей Нон	SEO	5495	RUR
18.10.2015	Алксей Нон	SEO	2321	RUR
02.02.2015	Алксей Нон	SEO	5766	RUR
07.04.2013	Алксей Нон	SEO	1634	RUR
26.06.2015	Алксей Нон	SEO	519	RUR
25.02.2013	Алксей Нон	SEO	3666	RUR
28.05.2013	Алксей Нон	SEO	8870	RUR
21.09.2013	Алксей Нон	SEO	299	RUR
02.11.2015	Алксей Нон	SEO	9733	RUR
22.03.2014	Алксей Нон	SEO	8735	RUR
26.09.2015	Алксей Нон	SEO	7034	RUR
28.02.2014	Алксей Нон	SEO	5288	RUR
27.11.2014	Алксей Нон	SEO	4967	RUR
14.12.2015	Алксей Нон	SEO	4711	RUR
25.05.2013	Алксей Нон	SEO	4449	RUR
18.02.2013	Алксей Нон	SEO	183	RUR
22.11.2015	Алксей Нон	SEO	8288	RUR
21.07.2014	Алксей Нон	SEO	4210	RUR
27.12.2012	Алксей Нон	SEO	651	RUR
13.11.2014	Алксей Нон	SEO	730	RUR
21.06.2013	Алксей Нон	SEO	2003	RUR
01.06.2012	Алксей Нон	SEO	6139	RUR
10.07.2015	Алксей Нон	SEO	6957	RUR
29.03.2015	Алксей Нон	SEO	5626	RUR
19.09.2015	Алксей Нон	SEO	8794	RUR
20.06.2012	Алксей Нон	SEO	5138	RUR
01.11.2015	Алксей Нон	SEO	6383	RUR
28.07.2014	Алксей Нон	Написание песни	2814	RUR
11.11.2015	Алксей Нон	Написание песни	6038	RUR
06.10.2012	Алксей Нон	Написание песни	7898	RUR
01.07.2012	Алксей Нон	Написание песни	708	RUR
30.07.2012	Алксей Нон	Написание песни	6127	RUR
04.06.2015	Алксей Нон	Написание песни	5604	RUR
03.03.2012	Алксей Нон	Написание песни	9840	RUR
11.11.2012	Алксей Нон	Написание песни	4711	RUR
09.09.2014	Алксей Нон	Написание песни	8053	RUR
01.12.2014	Алксей Нон	Написание песни	6948	RUR
19.10.2013	Алксей Нон	Написание песни	3174	RUR
27.03.2014	Алксей Нон	Написание песни	8398	RUR
01.11.2013	Алксей Нон	Написание песни	5133	RUR
24.08.2014	Алксей Нон	Написание песни	8516	RUR
24.06.2013	Алксей Нон	Написание песни	5461	RUR
08.03.2013	Алксей Нон	Написание песни	2824	RUR
22.08.2013	Алксей Нон	Написание песни	8980	RUR
05.08.2012	Алксей Нон	Написание песни	9910	RUR
11.05.2015	Алксей Нон	Написание песни	9545	RUR
17.06.2012	Алксей Нон	Написание песни	9798	RUR
23.03.2014	Алксей Нон	Написание песни	4120	RUR
01.09.2012	Алксей Нон	Написание песни	2810	RUR
17.07.2015	Алксей Нон	Написание песни	6377	RUR
03.09.2013	Алксей Нон	Написание песни	6478	RUR
05.08.2014	Алксей Нон	Написание песни	8557	RUR
01.01.2012	Алксей Нон	Написание песни	6199	RUR
09.03.2013	Алксей Нон	Написание песни	805	RUR
10.02.2012	Алксей Нон	Написание песни	771	RUR
29.12.2013	Алксей Нон	Написание песни	8222	RUR
12.04.2013	Алксей Нон	Написание песни	4855	RUR
17.12.2012	Алксей Нон	Написание песни	2633	RUR
28.04.2012	Алксей Нон	Написание песни	947	RUR
06.05.2015	Алксей Нон	Написание песни	2560	RUR
17.04.2015	Алксей Нон	Написание песни	1629	RUR
12.05.2015	Алксей Нон	Написание песни	8736	RUR
17.04.2015	Алксей Нон	Написание песни	3724	RUR
23.06.2013	Алксей Нон	Написание песни	429	RUR
02.02.2014	Алксей Нон	Написание песни	5333	RUR
06.08.2013	Алксей Нон	Разработка слогана	7446	RUR
19.01.2012	Алксей Нон	Разработка слогана	1913	RUR
25.08.2014	Алксей Нон	Разработка слогана	4306	RUR
12.09.2015	Алксей Нон	Разработка слогана	1718	RUR
07.08.2015	Алксей Нон	Разработка слогана	9031	RUR
13.01.2015	Алксей Нон	Разработка слогана	3668	RUR
25.11.2013	Алксей Нон	Разработка слогана	6180	RUR
20.08.2015	Алксей Нон	Разработка слогана	5070	RUR
13.01.2012	Алксей Нон	Разработка слогана	8825	RUR
06.09.2013	Алксей Нон	Разработка слогана	6385	RUR
15.07.2014	Алксей Нон	Разработка слогана	8715	RUR
13.09.2015	Алксей Нон	Разработка слогана	2668	RUR
28.09.2014	Алксей Нон	Разработка слогана	4767	RUR
29.05.2014	Алксей Нон	Разработка слогана	1692	RUR
28.03.2015	Алксей Нон	Разработка слогана	1976	RUR
25.06.2013	Алксей Нон	Разработка слогана	5766	RUR
18.03.2014	Алксей Нон	Разработка слогана	1291	RUR
24.12.2015	Алксей Нон	Разработка слогана	4239	RUR
28.01.2015	Алксей Нон	Разработка слогана	7736	RUR
27.04.2012	Алксей Нон	Разработка слогана	1455	RUR
21.11.2014	Алксей Нон	Разработка слогана	6598	RUR
17.01.2015	Алксей Нон	Разработка слогана	6119	RUR
26.04.2014	Алксей Нон	Разработка слогана	2167	RUR
10.03.2015	Алксей Нон	Разработка слогана	7237	RUR
21.07.2014	Алксей Нон	Разработка слогана	4580	RUR
19.08.2012	Алксей Нон	Разработка слогана	1293	RUR
21.11.2012	Алксей Нон	Разработка слогана	7627	RUR
18.07.2015	Алксей Нон	Разработка слогана	3270	RUR
13.12.2012	Алксей Нон	Разработка слогана	336	RUR
11.12.2015	Алксей Нон	Разработка слогана	1377	RUR
08.09.2015	Алксей Нон	Разработка слогана	6626	RUR
24.11.2014	Алксей Нон	Разработка слогана	2346	RUR
02.04.2015	Joe Doylin	Разработка логотипа	4054	USD
11.12.2014	Joe Doylin	Разработка логотипа	8070	USD
06.03.2013	Joe Doylin	Разработка логотипа	4598	USD
05.10.2012	Joe Doylin	Разработка логотипа	8056	USD
14.01.2015	Joe Doylin	Разработка логотипа	9709	USD
27.10.2013	Joe Doylin	Разработка логотипа	3387	USD
18.03.2012	Joe Doylin	Разработка логотипа	2473	USD
18.11.2014	Joe Doylin	Разработка логотипа	9827	USD
28.04.2014	Joe Doylin	Разработка логотипа	9092	USD
17.01.2015	Joe Doylin	Разработка логотипа	1022	USD
27.12.2013	Joe Doylin	Разработка логотипа	7643	USD
20.02.2014	Joe Doylin	Разработка логотипа	4250	USD
19.08.2015	Joe Doylin	Разработка логотипа	5656	USD
22.03.2012	Joe Doylin	Разработка логотипа	8100	USD
14.07.2013	Joe Doylin	Разработка логотипа	2933	USD
15.03.2012	Joe Doylin	Разработка логотипа	7396	USD
08.01.2013	Joe Doylin	Разработка логотипа	2298	USD
28.10.2012	Joe Doylin	Разработка логотипа	8051	USD
24.10.2013	Joe Doylin	Разработка логотипа	9546	USD
16.03.2014	Joe Doylin	Разработка логотипа	3305	USD
16.09.2014	Joe Doylin	Разработка логотипа	1522	USD
07.05.2015	Joe Doylin	Разработка логотипа	4689	USD
04.10.2014	Joe Doylin	Разработка логотипа	7742	USD
24.12.2015	Joe Doylin	Разработка логотипа	8673	USD
16.03.2015	Joe Doylin	Разработка логотипа	7471	USD
11.05.2015	Joe Doylin	Разработка логотипа	3801	USD
12.01.2013	Joe Doylin	Разработка логотипа	8640	USD
17.11.2013	Joe Doylin	Разработка логотипа	5964	USD
03.02.2014	Joe Doylin	Разработка логотипа	7510	USD
25.09.2012	Joe Doylin	Разработка логотипа	8877	USD
23.11.2014	Joe Doylin	Разработка логотипа	469	USD
29.11.2015	Joe Doylin	Разработка логотипа	2553	USD
10.07.2014	Joe Doylin	Разработка логотипа	430	USD
09.05.2014	Joe Doylin	Разработка логотипа	884	USD
21.02.2014	Joe Doylin	SEO	4489	USD
25.02.2015	Joe Doylin	SEO	6802	USD
15.07.2013	Joe Doylin	SEO	4015	USD
03.04.2013	Joe Doylin	SEO	6474	USD
26.03.2014	Joe Doylin	SEO	7565	USD
29.03.2013	Joe Doylin	SEO	4833	USD
09.03.2014	Joe Doylin	SEO	2201	USD
23.01.2013	Joe Doylin	SEO	1486	USD
07.06.2013	Joe Doylin	SEO	9665	USD
06.05.2013	Joe Doylin	SEO	4108	USD
07.02.2014	Joe Doylin	SEO	5810	USD
02.12.2015	Joe Doylin	SEO	8345	USD
19.05.2012	Joe Doylin	SEO	5266	USD
18.11.2012	Joe Doylin	SEO	172	USD
15.06.2013	Joe Doylin	SEO	4692	USD
25.10.2013	Joe Doylin	SEO	5469	USD
10.04.2015	Joe Doylin	SEO	611	USD
25.12.2012	Joe Doylin	SEO	2561	USD
05.06.2013	Joe Doylin	SEO	8887	USD
25.02.2014	Joe Doylin	SEO	2965	USD
19.07.2015	Joe Doylin	SEO	2879	USD
25.08.2012	Joe Doylin	SEO	9036	USD
14.09.2015	Joe Doylin	SEO	3258	USD
22.07.2013	Joe Doylin	SEO	952	USD
08.05.2013	Joe Doylin	SEO	6334	USD
11.05.2012	Joe Doylin	SEO	708	USD
06.11.2014	Joe Doylin	SEO	1394	USD
24.03.2012	Joe Doylin	SEO	9903	USD
26.12.2015	Joe Doylin	SEO	4411	USD
25.09.2014	Joe Doylin	SEO	3491	USD
05.11.2014	Joe Doylin	SEO	8365	USD
25.01.2013	Joe Doylin	SEO	7496	USD
30.03.2013	Joe Doylin	SEO	6191	USD
18.10.2012	Joe Doylin	SEO	9417	USD
24.12.2014	Joe Doylin	SEO	5620	USD
03.03.2012	Joe Doylin	SEO	9164	USD
11.07.2015	Joe Doylin	SEO	365	USD
13.05.2015	Joe Doylin	SEO	6349	USD
17.05.2012	Joe Doylin	Написание песни	6872	USD
12.06.2014	Joe Doylin	Написание песни	6255	USD
02.07.2012	Joe Doylin	Написание песни	6557	USD
30.10.2012	Joe Doylin	Написание песни	766	USD
22.07.2015	Joe Doylin	Написание песни	9034	USD
11.04.2014	Joe Doylin	Написание песни	1790	USD
27.03.2015	Joe Doylin	Написание песни	4202	USD
13.02.2014	Joe Doylin	Написание песни	496	USD
09.02.2014	Joe Doylin	Написание песни	7582	USD
19.11.2012	Joe Doylin	Написание песни	1891	USD
17.01.2015	Joe Doylin	Написание песни	6940	USD
09.03.2013	Joe Doylin	Написание песни	8153	USD
20.09.2014	Joe Doylin	Написание песни	6131	USD
07.04.2014	Joe Doylin	Написание песни	9756	USD
14.09.2015	Joe Doylin	Написание песни	1935	USD
10.05.2012	Joe Doylin	Написание песни	8504	USD
19.10.2013	Joe Doylin	Написание песни	8606	USD
23.05.2014	Joe Doylin	Написание песни	8381	USD
26.07.2012	Joe Doylin	Написание песни	7901	USD
14.05.2015	Joe Doylin	Написание песни	1548	USD
30.01.2015	Joe Doylin	Написание песни	2080	USD
19.06.2013	Joe Doylin	Написание песни	7527	USD
04.01.2012	Joe Doylin	Написание песни	7801	USD
08.05.2014	Joe Doylin	Написание песни	3708	USD
23.07.2013	Joe Doylin	Написание песни	2488	USD
20.03.2015	Joe Doylin	Написание песни	3923	USD
12.02.2015	Joe Doylin	Написание песни	9750	USD
24.05.2014	Joe Doylin	Написание песни	2721	USD
07.06.2012	Joe Doylin	Написание песни	1622	USD
17.10.2012	Joe Doylin	Написание песни	3731	USD
20.10.2014	Joe Doylin	Написание песни	4967	USD
19.03.2013	Joe Doylin	Разработка слогана	8159	USD
28.12.2014	Joe Doylin	Разработка слогана	5588	USD
03.12.2014	Joe Doylin	Разработка слогана	8386	USD
09.04.2012	Joe Doylin	Разработка слогана	2868	USD
02.01.2013	Joe Doylin	Разработка слогана	7763	USD
26.07.2015	Joe Doylin	Разработка слогана	2786	USD
23.09.2015	Joe Doylin	Разработка слогана	3917	USD
15.12.2013	Joe Doylin	Разработка слогана	2103	USD
15.10.2015	Joe Doylin	Разработка слогана	8492	USD
27.12.2014	Joe Doylin	Разработка слогана	8526	USD
10.04.2013	Joe Doylin	Разработка слогана	4159	USD
18.03.2013	Joe Doylin	Разработка слогана	3373	USD
05.02.2012	Joe Doylin	Разработка слогана	8723	USD
15.02.2014	Joe Doylin	Разработка слогана	1531	USD
04.12.2015	Joe Doylin	Разработка слогана	4592	USD
23.01.2014	Joe Doylin	Разработка слогана	6220	USD
04.12.2015	Joe Doylin	Разработка слогана	3037	USD
18.10.2012	Joe Doylin	Разработка слогана	7315	USD
08.11.2012	Joe Doylin	Разработка слогана	2152	USD
27.11.2014	Joe Doylin	Разработка слогана	2128	USD
29.03.2012	Joe Doylin	Разработка слогана	3506	USD
20.01.2014	Joe Doylin	Разработка слогана	4520	USD
21.06.2014	Joe Doylin	Разработка слогана	6478	USD
16.10.2012	Joe Doylin	Разработка слогана	6690	USD
12.09.2014	Joe Doylin	Разработка слогана	8838	USD
25.08.2012	Joe Doylin	Разработка слогана	9767	USD
01.03.2015	Joe Doylin	Разработка слогана	7712	USD
19.06.2014	Joe Doylin	Разработка слогана	3260	USD
11.11.2013	Joe Doylin	Разработка слогана	108	USD
09.01.2012	Joe Doylin	Разработка слогана	6253	USD
14.04.2015	Joe Doylin	Разработка слогана	2011	USD
24.04.2013	Joe Doylin	Разработка слогана	1878	USD
15.01.2014	Joe Doylin	Разработка слогана	6171	USD
08.04.2012	Joe Doylin	Разработка слогана	6362	USD
14.12.2012	Joe Doylin	Разработка слогана	5409	USD
01.08.2015	Joe Doylin	Разработка слогана	2125	USD
16.01.2015	Joe Doylin	Разработка слогана	2442	USD
